Название товара,Производитель,Цена,Ссылка на товар
Подвесной светильник Сансет Black,Не указан,5190,https://www.divan.ru/product/podvesnoj-svetilnik-sanset-black
Торшер Билли Black,Не указан,13990,https://www.divan.ru/product/torsher-billi-black
Подвесной светильник Бабл-9,Не указан,15990,https://www.divan.ru/product/podvesnoj-svetilnik-babl-9
Торшер Бабл-1,Не указан,5990,https://www.divan.ru/product/torsher-babl-1
Подвесной светильник Бабл-3,Не указан,4990,https://www.divan.ru/product/podvesnoj-svetilnik-babl-3
Бра Бабл Black,Не указан,1590,https://www.divan.ru/product/bra-babl-black
Настольная лампа Дэнди Black,Не указан,2990,https://www.divan.ru/product/nastolnaya-lampa-dendi-black
Настольная лампа Дэнди White,Не указан,2990,https://www.divan.ru/product/nastolnaya-lampa-dendi-white
Торшер Варио White,Не указан,3999,https://www.divan.ru/product/torsher-vario-white
Бра Варио Black,Не указан,990,https://www.divan.ru/product/bra-vario-black
Бра Варио White,Не указан,990,https://www.divan.ru/product/bra-vario-white
Подвесной светильник Сансет White,Не указан,2990,https://www.divan.ru/product/podvesnoj-svetilnik-sanset-white
Подвесной светильник Кэндел Black,Не указан,1990,https://www.divan.ru/product/podvesnoj-svetilnik-kendel-black
Подвесной светильник Кэндел White,Не указан,2990,https://www.divan.ru/product/podvesnoj-svetilnik-kendel-white
Подвесной светильник Кая Black,Не указан,2590,https://www.divan.ru/product/podvesnoj-svetilnik-kaya-black
Торшер Вена Black,Не указан,9990,https://www.divan.ru/product/torsher-vena-black
Настольная лампа Гровер Glass,Не указан,4990,https://www.divan.ru/product/nastolnaya-lampa-grover-glass
Настольная лампа Рэй Black,Не указан,2990,https://www.divan.ru/product/nastolnaya-lampa-rej-black
Подвесной светильник Портланд Black,Не указан,2590,https://www.divan.ru/product/podvesnoj-svetilnik-portland-black
Торшер Рэй White,Не указан,4990,https://www.divan.ru/product/torsher-rej-white
Торшер Мун Black,Не указан,6990,https://www.divan.ru/product/torsher-mun-black
Торшер Варио Black,Не указан,5990,https://www.divan.ru/product/torsher-vario-black
Настольная лампа Раффи Round,Не указан,5990,https://www.divan.ru/product/nastolnaya-lampa-raffi-round
Торшер Гросс White,Не указан,5990,https://www.divan.ru/product/torsher-gross-white
Бра Moderli Alina,Не указан,3190,https://www.divan.ru/product/bra-moderli-alina
Подвесной светильник Маро Green,Не указан,9990,https://www.divan.ru/product/podvesnoj-svetilnik-maro-green
Настольная лампа Машрум Grey,Не указан,3990,https://www.divan.ru/product/nastolnaya-lampa-mashrum-grey
Настольная лампа Рэй White,Не указан,2590,https://www.divan.ru/product/nastolnaya-lampa-rej-white
Светильник потолочный Matthew,Не указан,4990,https://www.divan.ru/product/svetilnik-potolochnyj-matthew
Настольная лампа Junior-4,Не указан,2990,https://www.divan.ru/product/nastolnaya-lampa-junior-4
Спот Лайт-1 Black,Не указан,2390,https://www.divan.ru/product/spot-lajt-1-black
Настольная лампа Junior-1,Не указан,3990,https://www.divan.ru/product/nastolnaya-lampa-junior-1
Подвесной светильник Milligan,Не указан,6290,https://www.divan.ru/product/podvesnoj-svetilnik-milligan
Настольная лампа Сфера Black,Не указан,3990,https://www.divan.ru/product/nastolnaya-lampa-sfera-black
Подвесной светильник Townshend-4,Не указан,12590,https://www.divan.ru/product/podvesnoj-svetilnik-townshend-4
Люстра Монти-3 White,Не указан,9990,https://www.divan.ru/product/lyustra-monti-3-white
Торшер Duetto,Не указан,6990,https://www.divan.ru/product/torsher-duetto
Настольная лампа Sphere,Не указан,6530,https://www.divan.ru/product/nastolnaya-lampa-sphere
Подвесной светильник Layham,Не указан,22790,https://www.divan.ru/product/podvesnoj-svetilnik-layham
Бра Galdakao-1,Не указан,6590,https://www.divan.ru/product/bra-galdakao
Подвесной светильник Сэнсил Silver,Не указан,4590,https://www.divan.ru/product/podvesnoj-svetilnik-sensil-silver
Подвесной светильник Tureis,Не указан,3390,https://www.divan.ru/product/podvesnoj-svetilnik-tureis
Бра Moderli Birds-1,Не указан,9390,https://www.divan.ru/product/bra-moderli-birds-1
Подвесной светильник Даклин White,Не указан,3990,https://www.divan.ru/product/podvesnoj-svetilnik-daklin-white
Настольная лампа Townshend-5,Не указан,6290,https://www.divan.ru/product/nastolnaya-lampa-townshend-5
Подвесной светильник Лиму-3 Black,Не указан,5590,https://www.divan.ru/product/podvesnoj-svetilnik-limu-3-black
Подвесной светильник Moderli Libre,Не указан,4990,https://www.divan.ru/product/podvesnoj-svetilnik-moderli-libre
Настольная лампа Layham,Не указан,5490,https://www.divan.ru/product/nastolnaya-lampa-layham
